,,,,,"Number of births, both sexes combined (thousands)",,,,,,,,,,,,
Index,Variant,"Region, subregion, country or area *",Notes,Country code,1950-1955,1955-1960,1960-1965,1965-1970,1970-1975,1975-1980,1980-1985,1985-1990,1990-1995,1995-2000,2000-2005,2005-2010,2010-2015
1,Estimates,WORLD,,900,489395.666,513479.920,563563.922,598425.158,611094.645,608784.562,650053.852,699508.313,672523.126,653293.092,662765.903,685523.314,701346.033
2,Estimates,More developed regions,a,901,93861.903,95121.954,91805.892,84992.832,82504.554,79108.067,79218.266,78345.702,71514.131,66174.428,66064.670,69482.912,68833.523
3,Estimates,Less developed regions,b,902,395533.763,418357.966,471758.030,513432.326,528590.091,529676.495,570835.586,621162.611,601008.995,587118.664,596701.233,616040.402,632512.510
4,Estimates,Least developed countries,c,941,49554.497,54950.537,61437.744,68883.918,76910.575,85600.549,95578.355,104237.293,113403.704,123661.884,133581.661,142518.948,151052.364
5,Estimates,"Less developed regions, excluding least developed countries",d,934,345979.266,363407.429,410320.286,444548.408,451679.516,444075.946,475257.231,516925.318,487605.291,463456.780,463119.572,473521.454,481460.146
6,Estimates,"Less developed regions, excluding China",,948,270908.062,301513.981,331584.069,359157.879,389040.449,419909.782,456982.403,479389.396,490923.309,500303.294,513572.318,530587.404,544082.784
7,Estimates,High-income countries,e,1503,78044.457,80761.287,81403.538,77797.554,74806.180,70820.103,70582.803,69557.462,68722.534,65460.279,64358.605,66403.655,64969.413
8,Estimates,Middle-income countries,e,1517,379794.802,397365.359,443334.753,476775.787,487158.311,483448.429,518115.181,561750.145,527440.751,502277.393,504094.703,515738.030,524555.158
9,Estimates,Upper-middle-income countries,e,1502,202385.518,201520.266,230274.228,246607.769,237308.596,213080.218,222735.829,251383.707,211878.841,183409.608,177362.450,181185.930,187553.640
10,Estimates,Lower-middle-income countries,e,1501,177409.284,195845.093,213060.525,230168.018,249849.715,270368.211,295379.352,310366.438,315561.910,318867.785,326732.253,334552.100,337001.518
11,Estimates,Low-income countries,e,1500,31368.683,35150.302,38606.266,43626.388,48931.547,54332.061,61161.631,67982.379,76137.664,85325.039,94067.461,103128.979,111570.548
12,Estimates,Sub-Saharan Africa,f,947,45100.168,49927.750,55882.391,62657.898,71586.509,81726.293,92631.152,103536.773,114623.251,128106.840,142303.477,157394.251,172084.980
13,Estimates,AFRICA,,903,58241.996,64554.334,72022.609,80239.439,90516.116,102465.236,115292.118,127174.136,137520.337,149901.310,165033.237,182402.979,201170.811
14,Estimates,Eastern Africa,,910,17549.003,19567.263,22106.757,25043.892,28850.760,33158.833,37987.533,42984.339,47452.078,53093.105,58494.645,63964.849,69075.094
15,Estimates,Burundi,,108,597.845,642.154,706.193,780.067,841.290,969.217,1127.003,1306.833,1370.436,1346.574,1448.507,1765.260,2054.631
16,Estimates,Comoros,,174,37.704,43.648,47.073,50.368,55.045,64.159,76.195,84.729,90.496,97.562,106.361,116.423,126.320
17,Estimates,Djibouti,,262,13.491,16.392,21.958,30.850,42.948,61.240,80.044,101.534,118.584,111.775,112.909,107.827,107.994
18,Estimates,Eritrea,,232,283.746,322.715,360.718,402.126,447.005,504.196,579.706,638.849,610.675,571.287,659.806,769.391,793.282
19,Estimates,Ethiopia,,231,4688.782,5033.834,5658.644,6360.496,7406.318,8225.627,9368.801,10731.855,12302.081,14086.119,14816.251,14952.882,15775.995
20,Estimates,Kenya,,404,1672.493,1940.378,2245.319,2625.474,3141.917,3714.352,4345.705,4857.389,5098.980,5929.126,6576.851,7158.054,7335.594
21,Estimates,Madagascar,,450,1058.186,1180.312,1315.400,1483.977,1693.974,1921.424,2121.458,2406.924,2767.059,3131.901,3364.095,3606.600,3872.083
22,Estimates,Malawi,,454,772.948,876.633,1008.679,1163.349,1326.842,1530.458,1751.880,2133.832,2281.997,2411.806,2651.843,2992.414,3118.445
23,Estimates,Mauritius,1,480,115.578,132.591,154.618,131.184,115.334,123.171,100.601,108.795,111.518,103.489,96.404,81.929,69.846
24,Estimates,Mayotte,,175,3.518,4.599,6.117,7.855,9.851,12.426,14.968,18.507,19.678,24.698,29.955,35.185,35.576
25,Estimates,Mozambique,,508,1641.903,1781.213,1916.644,2094.020,2360.034,2637.035,2907.584,2979.223,3332.082,3840.589,4330.717,4800.289,5277.752
26,Estimates,Réunion,,638,66.925,70.586,78.161,77.901,63.395,58.300,62.442,70.647,70.601,71.493,75.134,72.388,70.295
27,Estimates,Rwanda,,646,634.180,731.682,781.565,860.425,1037.083,1267.887,1495.779,1659.069,1475.584,1457.805,1641.367,1773.548,1832.719
28,Estimates,Seychelles,,690,7.370,7.536,8.489,9.030,9.309,9.222,9.078,8.537,8.143,7.494,8.157,8.528,8.208
29,Estimates,Somalia,,706,581.167,629.416,689.598,764.650,843.054,1130.463,1458.230,1665.759,1869.581,2093.905,2305.377,2592.409,2880.066
30,Estimates,South Sudan,,728,632.888,711.026,797.302,888.870,973.733,1077.327,1206.904,1344.659,1307.696,1356.341,1537.632,1791.666,2045.635
31,Estimates,Uganda,,800,1417.308,1585.830,1823.386,2138.577,2466.558,2856.817,3348.850,3985.870,4760.607,5499.428,6354.507,7246.768,8121.619
32,Estimates,United Republic of Tanzania,2,834,2009.015,2321.256,2672.335,3080.436,3544.381,4103.294,4658.439,5308.482,6003.173,6750.299,7755.828,8998.135,9946.857
33,Estimates,Zambia,,894,595.253,700.467,831.665,957.414,1130.578,1314.526,1500.459,1708.856,1931.032,2218.221,2493.027,2691.976,2942.170
34,Estimates,Zimbabwe,,716,718.703,834.995,982.893,1136.823,1342.111,1577.692,1773.407,1863.990,1922.075,1983.193,2129.917,2403.177,2660.007
35,Estimates,Middle Africa,,911,6540.584,7205.892,8088.345,9102.552,10357.672,11894.283,13642.710,15649.873,18060.160,20624.930,23538.842,27000.578,30290.828
36,Estimates,Angola,,24,1412.317,1499.800,1615.076,1725.043,1948.565,2271.193,2613.685,3038.859,3427.399,3819.154,4353.924,5022.313,5593.779
37,Estimates,Cameroon,,120,953.600,1043.569,1193.511,1371.495,1575.087,1827.815,2162.269,2480.360,2745.388,2995.771,3353.642,3756.128,4082.786
38,Estimates,Central African Republic,,140,284.417,314.350,345.281,378.112,410.969,453.855,521.161,583.698,638.627,714.207,783.910,826.631,837.836
39,Estimates,Chad,,148,608.171,660.481,719.384,797.936,929.450,1062.595,1200.474,1397.083,1661.802,1963.835,2312.330,2638.510,2926.618
40,Estimates,Congo,,178,183.756,206.182,236.759,274.142,320.500,368.651,405.394,444.687,499.230,587.635,683.215,786.993,863.434
41,Estimates,Democratic Republic of the Congo,,180,2962.020,3337.578,3819.663,4377.129,4981.740,5705.727,6503.426,7431.050,8781.900,10202.423,11669.342,13529.806,15482.351
42,Estimates,Equatorial Guinea,,226,49.606,51.817,54.982,61.018,60.194,55.866,66.935,84.072,96.813,115.803,138.568,165.250,191.389
43,Estimates,Gabon,,266,72.531,77.463,88.551,102.922,115.332,130.415,149.197,168.151,184.976,199.506,214.896,243.861,279.677
44,Estimates,Sao Tome and Principe,,678,14.166,14.652,15.138,14.755,15.835,18.166,20.169,21.913,24.025,26.596,29.015,31.086,32.958
45,Estimates,Northern Africa,,912,13141.828,14626.584,16140.218,17581.541,18929.607,20738.943,22660.966,23637.363,22897.086,21794.470,22729.760,25008.728,29085.831
46,Estimates,Algeria,,12,2346.562,2601.933,2936.631,3226.269,3640.706,4055.725,4272.385,4266.553,3950.963,3245.908,3098.514,4007.791,4808.212
47,Estimates,Egypt,,818,5689.460,6170.542,6596.460,7147.254,7545.225,8182.463,9151.627,9881.040,9129.037,8633.702,9310.280,10142.269,12661.897
48,Estimates,Libya,,434,302.090,342.918,398.422,498.945,588.857,640.887,656.351,672.889,622.569,586.697,590.266,634.902,659.182
49,Estimates,Morocco,,504,2499.478,2939.154,3300.742,3409.158,3453.496,3658.888,3905.959,3717.807,3563.336,3244.210,3232.746,3315.727,3577.584
50,Estimates,Sudan,,729,1440.775,1642.591,1911.747,2246.320,2636.611,3078.958,3507.517,3934.678,4602.168,5164.880,5629.123,5974.128,6274.213
51,Estimates,Tunisia,,788,859.245,922.608,985.340,1037.625,1047.865,1097.137,1133.882,1129.211,991.884,880.313,823.962,883.635,1048.883
52,Estimates,Western Sahara,,732,4.218,6.838,10.876,15.970,16.847,24.885,33.245,35.185,37.129,38.760,44.869,50.276,55.860
53,Estimates,Southern Africa,,913,3473.377,3833.855,4252.082,4695.984,5303.045,5848.932,6322.300,6474.072,6415.224,6508.600,6630.837,6770.913,6993.484
54,Estimates,Botswana,,72,103.697,117.944,131.491,149.794,173.550,205.698,233.012,231.061,235.136,240.137,236.758,244.575,265.387
55,Estimates,Lesotho,,426,160.319,173.157,188.814,209.209,233.671,258.769,278.003,283.403,288.480,301.968,287.230,283.726,302.071
56,Estimates,Namibia,,516,110.904,121.736,135.931,155.167,186.341,210.101,222.974,251.310,283.172,295.587,299.994,310.469,348.936
57,Estimates,South Africa,,710,3028.718,3342.936,3707.232,4079.331,4590.740,5038.642,5433.127,5531.124,5428.553,5497.676,5631.594,5746.733,5886.553
58,Estimates,Swaziland,,748,69.739,78.082,88.614,102.483,118.743,135.722,155.184,177.174,179.883,173.232,175.261,185.410,190.537
59,Estimates,Western Africa,3,914,17537.204,19320.740,21435.207,23815.470,27075.032,30824.245,34678.609,38428.489,42695.789,47880.205,53639.153,59657.911,65725.574
60,Estimates,Benin,,204,465.125,510.305,573.858,645.193,725.579,826.119,943.423,1078.287,1231.625,1384.385,1538.805,1719.855,1899.774
61,Estimates,Burkina Faso,,854,1037.684,1106.537,1179.264,1283.676,1399.367,1584.349,1782.105,1976.106,2227.497,2531.724,2854.123,3173.477,3437.548
62,Estimates,Cabo Verde,,132,45.670,48.405,50.986,54.118,55.136,56.714,63.217,69.220,67.996,65.109,61.777,59.229,56.460
63,Estimates,Côte d'Ivoire,,384,801.199,926.122,1076.392,1269.277,1535.664,1882.173,2175.894,2489.386,2847.680,3246.612,3509.312,3748.140,4102.105
64,Estimates,Gambia,,270,62.783,80.969,95.523,105.673,123.123,145.189,167.109,198.508,232.435,262.616,298.947,336.614,377.816
65,Estimates,Ghana,,288,1190.959,1422.074,1696.885,1926.328,2113.055,2270.875,2484.583,2743.846,2959.155,3245.069,3502.253,3880.759,4261.208
66,Estimates,Guinea,,324,754.204,801.399,849.949,911.539,983.419,1040.355,1136.150,1307.353,1591.312,1825.137,1930.669,2030.682,2144.364
67,Estimates,Guinea-Bissau,,624,127.683,128.635,133.375,144.116,162.579,183.612,212.020,226.999,242.375,251.428,267.016,292.238,319.501
68,Estimates,Liberia,,430,228.091,258.713,291.880,326.749,373.728,430.056,494.353,500.816,460.103,539.635,639.734,696.316,756.895
69,Estimates,Mali,,466,1250.531,1292.323,1356.782,1447.220,1565.297,1694.616,1841.366,1984.738,2210.745,2504.034,2893.166,3322.518,3639.774
70,Estimates,Mauritania,,478,171.275,199.862,224.138,250.522,281.456,314.475,351.551,394.308,439.198,491.688,552.183,618.245,692.471
71,Estimates,Niger,,562,788.912,916.466,1063.717,1212.494,1367.590,1574.271,1831.610,2084.452,2415.536,2820.572,3290.771,3822.569,4469.172
72,Estimates,Nigeria,,566,9104.910,9989.421,11012.380,12155.238,14003.140,16161.365,18209.501,20090.486,22231.869,24919.472,28057.592,31196.795,34423.618
73,Estimates,Senegal,,686,676.482,759.015,865.572,995.031,1146.566,1283.121,1440.151,1557.047,1713.061,1865.987,2048.003,2325.519,2620.891
74,Estimates,Sierra Leone,,694,490.307,518.282,571.274,627.716,692.637,764.341,855.894,952.118,1002.950,1017.506,1140.496,1266.388,1276.406
75,Estimates,Togo,,768,340.461,361.254,392.468,459.768,545.971,611.940,689.004,774.263,821.690,908.710,1053.985,1168.344,1247.365
76,Estimates,ASIA,,935,308125.083,318312.058,359081.048,390067.550,393203.289,377710.870,402814.728,439833.160,408769.154,382665.226,378649.844,382612.702,380645.478
77,Estimates,Eastern Asia,,906,140262.506,132710.548,156006.673,171120.969,157350.620,124693.533,127824.045,154151.827,122274.283,98364.324,93540.433,95402.577,98175.018
78,Estimates,China,4,156,122233.161,114257.431,137546.132,151906.048,137215.138,107274.731,111501.009,139751.261,108067.740,84951.634,81617.395,84152.481,87015.715
79,Estimates,"China, Hong Kong SAR",5,344,435.886,502.265,541.646,399.480,387.345,388.869,391.702,367.117,368.455,319.026,284.423,313.034,373.740
80,Estimates,"China, Macao SAR",6,446,35.208,30.713,23.342,15.974,13.033,13.067,27.665,34.621,27.556,22.433,16.958,21.567,32.037
81,Estimates,"China, Taiwan Province of China",,158,1921.446,2053.576,2062.841,1952.945,1934.126,2090.046,1932.807,1620.216,1621.935,1522.277,1210.139,965.916,1008.234
82,Estimates,Dem. People's Republic of Korea,,408,1304.537,2161.770,1950.486,2598.149,2504.538,1758.067,1972.461,2010.608,2180.410,2130.302,1969.274,1798.843,1747.986
83,Estimates,Japan,,392,10126.110,8330.857,8404.482,9110.119,10277.709,8702.948,7692.384,6819.657,6170.188,5981.276,5689.593,5571.145,5388.040
84,Estimates,Mongolia,,496,163.736,194.831,247.495,267.664,297.374,314.130,344.594,372.822,307.883,248.935,232.989,291.082,369.462
85,Estimates,Republic of Korea,,410,4042.422,5179.105,5230.249,4870.590,4721.357,4151.675,3961.423,3175.525,3530.116,3188.441,2519.662,2288.509,2239.804
86,Estimates,South-Central Asia,7,921,117014.049,127651.436,139001.596,149555.018,161910.756,175250.170,192767.492,202308.179,202974.015,203021.875,202070.007,201976.775,195207.803
87,Estimates,Central Asia,,5500,3518.535,4527.766,5296.618,5236.497,5728.753,6270.069,7116.238,7910.020,7559.196,6395.500,5982.496,7080.701,7963.879
88,Estimates,Kazakhstan,,398,1258.900,1610.213,1853.817,1641.656,1770.275,1835.264,1974.621,2067.827,1680.200,1252.906,1266.017,1721.473,1950.410
89,Estimates,Kyrgyzstan,,417,308.928,408.009,466.903,461.754,502.259,541.283,617.522,687.825,655.033,568.930,515.967,625.011,763.723
90,Estimates,Tajikistan,,762,355.279,464.927,547.739,590.037,656.456,723.834,885.481,1051.381,1034.029,980.212,929.912,1068.534,1222.104
91,Estimates,Turkmenistan,,795,258.377,332.370,393.618,403.880,437.259,498.049,548.770,635.297,650.265,545.759,542.091,574.673,719.163
92,Estimates,Uzbekistan,,860,1337.051,1712.247,2034.541,2139.170,2362.504,2671.639,3089.844,3467.690,3539.669,3047.693,2728.509,3091.010,3308.479
93,Estimates,Southern Asia,,5501,113495.514,123123.670,133704.978,144318.521,156182.003,168980.101,185651.254,194398.159,195414.819,196626.375,196087.511,194896.074,187243.924
94,Estimates,Afghanistan,,4,2015.476,2201.589,2438.489,2725.445,3048.468,3284.102,3149.701,2982.985,3570.874,4569.075,5287.210,5709.012,5651.992
95,Estimates,Bangladesh,,50,9249.629,10953.954,12766.442,14670.707,15973.106,17064.857,18421.704,18863.246,18554.837,18344.465,17875.234,16634.396,15828.452
96,Estimates,Bhutan,,64,44.909,51.966,59.589,68.832,78.120,87.143,94.277,104.833,94.529,84.579,77.649,76.648,73.015
97,Estimates,India,,356,85617.456,91493.568,98226.250,104719.297,112843.332,120598.963,131151.099,136178.319,137429.722,138960.390,139112.665,136175.517,127304.801
98,Estimates,Iran (Islamic Republic of),,364,4615.244,5046.037,5432.713,5816.559,6328.063,7613.165,9586.239,9899.905,8194.740,6613.381,6095.912,6560.924,6993.447
99,Estimates,Maldives,,462,16.641,22.414,26.324,28.599,30.364,32.985,42.092,46.604,42.867,34.708,30.800,33.475,38.794
100,Estimates,Nepal,,524,2128.165,2223.078,2312.804,2471.983,2692.797,2981.396,3256.423,3509.023,3737.156,3870.460,3662.992,3322.272,2908.410
101,Estimates,Pakistan,,586,8234.406,9337.259,10597.345,11893.938,13296.399,15318.404,17934.628,20980.915,22030.546,22436.628,22164.256,24555.792,26766.258
102,Estimates,Sri Lanka,,144,1573.588,1793.805,1845.022,1923.161,1891.354,1999.086,2015.091,1832.329,1759.548,1712.689,1780.793,1828.038,1678.755
103,Estimates,South-Eastern Asia,,920,38297.667,44242.385,48905.242,52847.113,55755.256,57812.022,60240.419,60250.853,59808.372,57059.197,58321.730,58959.037,59313.183
104,Estimates,Brunei Darussalam,,96,13.670,17.126,19.621,21.476,26.678,29.714,32.117,36.175,39.360,37.797,33.464,31.314,33.646
105,Estimates,Cambodia,,116,1161.198,1272.842,1400.303,1484.601,1527.087,1444.786,1823.326,1927.112,1865.061,1753.005,1681.064,1810.295,1828.743
106,Estimates,Indonesia,,360,15690.779,18514.043,20501.094,22318.971,23481.526,24294.002,24792.723,23781.738,23112.569,22281.415,24091.343,25000.466,25326.902
107,Estimates,Lao People's Democratic Republic,,418,406.157,439.953,483.975,543.770,618.839,673.770,745.081,858.728,945.060,883.978,821.856,836.920,822.126
108,Estimates,Malaysia,8,458,1427.853,1625.931,1845.772,1810.291,1882.735,2040.677,2282.451,2430.990,2619.215,2691.583,2370.653,2369.674,2524.464
109,Estimates,Myanmar,,104,4285.736,4446.270,4676.024,5023.246,5411.601,5754.858,6045.493,5713.915,5389.873,5478.648,5742.874,5247.284,4795.682
110,Estimates,Philippines,,608,4953.785,5530.053,6148.810,6736.946,7375.656,8284.881,9076.774,9914.415,10513.288,11166.103,11828.687,11635.967,11770.072
111,Estimates,Singapore,,702,269.940,310.797,293.548,249.490,239.171,197.855,217.499,254.074,285.500,264.163,236.671,241.287,246.427
112,Estimates,Thailand,,764,4718.415,5477.469,6252.847,6939.284,6872.738,6509.012,6014.504,5556.779,5273.504,4802.853,4354.772,4097.796,3822.704
113,Estimates,Timor-Leste,,626,104.050,110.812,120.957,128.632,128.047,103.879,136.906,149.358,183.029,203.955,189.447,210.314,216.173
114,Estimates,Viet Nam,,704,5266.084,6497.089,7162.291,7590.406,8191.178,8478.588,9073.545,9627.569,9581.913,7495.697,6970.899,7477.720,7926.244
115,Estimates,Western Asia,,922,12550.861,13707.689,15167.537,16544.450,18186.657,19955.145,21982.772,23122.301,23712.484,24219.830,24717.674,26274.313,27949.474
116,Estimates,Armenia,,51,246.263,341.301,355.226,290.222,301.556,342.436,391.784,406.070,323.742,211.850,203.412,220.933,210.753
117,Estimates,Azerbaijan,9,31,622.667,805.550,956.832,878.578,786.608,775.638,886.652,1033.289,977.618,765.761,682.537,733.807,895.744
118,Estimates,Bahrain,,48,28.043,33.736,39.848,41.566,42.198,51.718,64.186,71.853,70.772,70.962,79.361,92.281,104.287
119,Estimates,Cyprus,10,196,71.144,71.389,71.572,60.079,59.445,63.207,71.675,71.899,73.595,65.681,60.314,62.647,64.268
120,Estimates,Georgia,11,268,410.991,482.148,509.680,481.684,453.795,456.164,479.139,486.027,406.700,310.543,273.526,297.251,293.667
121,Estimates,Iraq,,368,1629.200,1475.963,1709.573,2137.464,2360.654,2610.109,2849.028,3163.477,3500.734,4002.177,4412.130,5044.442,5775.904
122,Estimates,Israel,,376,245.415,260.637,294.523,340.416,424.430,464.631,464.458,486.723,526.455,606.082,667.659,742.600,829.197
123,Estimates,Jordan,,400,137.949,199.193,281.119,376.213,461.453,474.252,524.548,582.468,695.946,784.245,813.359,944.072,1158.844
124,Estimates,Kuwait,,414,36.262,46.609,81.602,146.580,206.697,232.876,279.194,267.641,188.847,221.141,226.776,275.584,312.459
125,Estimates,Lebanon,,422,288.003,326.366,362.855,369.638,381.971,394.176,380.785,348.501,334.796,323.564,294.552,264.634,381.389
126,Estimates,Oman,,512,116.868,129.468,144.492,163.781,192.712,255.157,319.801,355.314,335.636,300.045,267.569,303.750,389.746
127,Estimates,Qatar,,634,7.225,9.188,12.328,17.557,23.614,34.504,49.414,52.730,52.352,55.052,65.663,84.298,115.791
128,Estimates,Saudi Arabia,,682,798.207,908.292,1062.294,1254.690,1537.267,1908.892,2472.691,2813.399,2918.243,2766.902,2817.355,2990.136,3062.869
129,Estimates,State of Palestine,12,275,220.445,244.350,294.165,297.844,297.600,334.053,366.651,435.218,538.445,595.715,607.822,650.470,717.491
130,Estimates,Syrian Arab Republic,,760,931.059,1045.816,1183.644,1352.181,1606.383,1877.985,2106.998,2229.607,2251.222,2491.674,2578.303,2696.725,2412.870
131,Estimates,Turkey,,792,5634.060,6080.059,6384.946,6716.842,7256.229,7485.127,7634.711,7156.587,6872.599,6944.572,6723.747,6546.460,6511.903
132,Estimates,United Arab Emirates,,784,18.295,20.792,27.617,39.722,65.635,117.773,185.810,231.787,247.131,250.570,298.066,408.955,468.768
133,Estimates,Yemen,,887,1108.765,1226.832,1395.221,1579.393,1728.410,2076.447,2455.247,2929.711,3397.651,3453.294,3645.523,3915.268,4243.524
134,Estimates,EUROPE,,908,60533.411,61724.895,59277.524,54409.094,52131.782,50648.532,50199.588,48804.489,41767.167,37353.757,36921.787,39499.009,39987.335
135,Estimates,Eastern Europe,,923,29818.410,29867.451,25262.726,21521.491,22773.573,24003.635,24575.751,23692.706,17795.664,14316.143,14224.191,16016.794,17083.024
136,Estimates,Belarus,,112,894.367,972.562,905.653,736.940,724.209,743.463,810.327,800.731,613.481,469.936,449.289,511.239,572.183
137,Estimates,Bulgaria,,100,788.966,713.829,672.913,661.967,693.941,699.583,622.824,584.949,453.920,339.439,334.760,363.924,342.416
138,Estimates,Czechia,,203,900.633,747.057,704.919,703.814,864.343,911.836,704.270,655.563,598.500,449.548,468.628,562.064,552.047
139,Estimates,Hungary,,348,1006.121,856.779,660.165,741.780,806.969,896.666,668.721,630.282,606.504,499.783,475.883,477.072,447.403
140,Estimates,Poland,,616,3861.716,3842.911,2973.800,2663.717,2910.775,3285.294,3463.536,3021.673,2612.757,2082.021,1808.351,2013.315,1914.196
141,Estimates,Republic of Moldova,13,498,371.473,410.438,404.985,352.535,367.306,398.241,444.929,452.517,341.628,277.338,212.260,225.792,222.379
142,Estimates,Romania,,642,2153.887,2037.270,1564.038,2144.862,2108.614,2124.716,1854.014,1844.756,1315.764,1158.460,1089.416,1089.408,989.809
143,Estimates,Russian Federation,,643,14411.593,14858.475,13008.976,9604.911,10140.966,10717.181,11760.117,11750.876,8025.209,6564.702,7112.085,8091.178,9313.276
144,Estimates,Slovakia,,703,493.894,474.715,436.776,404.361,448.023,492.034,462.660,424.259,370.251,290.568,261.133,281.190,285.286
145,Estimates,Ukraine,14,804,4935.760,4953.415,3930.501,3506.604,3708.427,3734.621,3784.353,3527.100,2857.650,2184.348,2012.386,2401.612,2444.029
146,Estimates,Northern Europe,15,924,6478.220,6809.463,7493.605,7202.286,6263.894,5689.630,5877.432,6257.897,6124.686,5694.641,5451.648,6100.562,6187.425
147,Estimates,Channel Islands,16,830,7.558,8.043,9.512,9.433,8.344,7.513,7.603,8.336,8.765,8.305,8.085,7.821,7.727
148,Estimates,Denmark,,208,387.267,380.297,405.052,391.155,360.527,313.165,265.229,289.072,332.439,333.879,322.613,322.398,292.728
149,Estimates,Estonia,,233,95.810,98.650,97.240,99.772,108.930,109.465,114.535,120.735,83.894,64.783,66.693,77.529,71.181
150,Estimates,Finland,17,246,462.212,421.591,410.125,365.391,301.289,321.755,323.446,311.039,325.476,295.618,285.828,298.016,292.788
151,Estimates,Iceland,,352,20.955,23.520,23.826,21.901,22.151,21.335,21.187,21.374,22.501,21.167,20.631,23.108,22.481
152,Estimates,Ireland,,372,318.348,301.134,314.940,306.256,363.770,364.490,342.107,278.311,247.510,270.776,310.685,356.425,358.493
153,Estimates,Latvia,,428,167.286,173.247,170.456,163.323,175.447,172.275,192.079,204.288,146.325,98.307,103.757,114.464,104.345
154,Estimates,Lithuania,,440,298.651,302.978,290.553,272.262,270.515,260.737,272.269,286.943,247.542,188.658,153.161,156.606,158.055
155,Estimates,Norway,18,578,312.349,316.468,318.158,333.367,313.762,260.689,253.196,279.245,299.766,297.370,283.333,300.048,298.829
156,Estimates,Sweden,,752,548.103,531.236,565.182,583.720,548.999,482.900,471.925,548.445,589.201,459.153,483.913,547.326,573.474
157,Estimates,United Kingdom,,826,3852.018,4244.825,4880.874,4647.677,3782.919,3368.354,3606.937,3902.252,3813.224,3648.991,3405.544,3889.075,3999.627
158,Estimates,Southern Europe,19,925,11770.402,11927.604,12333.510,12106.618,11774.131,10874.195,9407.879,8368.114,7755.183,7362.235,7462.326,7695.721,7004.632
159,Estimates,Albania,,8,264.644,316.098,347.044,340.816,346.607,352.999,372.760,404.909,368.313,290.705,224.418,179.589,176.621
160,Estimates,Bosnia and Herzegovina,,70,526.459,505.516,510.041,458.115,434.394,394.720,381.702,355.749,284.645,239.599,180.176,175.912,164.630
161,Estimates,Croatia,,191,442.253,401.051,364.561,327.076,333.927,329.279,328.046,296.557,247.397,245.151,207.657,218.836,206.105
162,Estimates,Greece,,300,784.047,836.759,791.635,795.923,755.029,775.144,704.579,571.704,551.817,552.855,555.592,596.473,509.145
163,Estimates,Italy,,380,4326.319,4310.646,4718.116,4695.887,4410.047,3676.426,3096.933,2856.392,2759.225,2644.845,2720.173,2801.582,2556.543
164,Estimates,Malta,,470,45.215,40.718,34.919,25.473,26.680,29.446,27.200,27.909,26.194,24.818,20.126,19.385,20.419
165,Estimates,Montenegro,,499,66.716,71.293,71.225,60.279,55.385,53.150,55.520,52.780,48.663,43.466,41.445,40.688,37.417
166,Estimates,Portugal,,620,1021.874,1053.027,1058.580,979.427,886.612,859.732,725.176,599.682,558.629,562.922,563.619,516.582,446.647
167,Estimates,Serbia,20,688,947.125,796.249,752.234,746.579,780.067,812.805,791.654,750.811,672.733,621.309,554.486,496.331,476.043
168,Estimates,Slovenia,,705,156.923,145.538,143.325,140.312,142.890,150.013,141.710,125.641,100.099,91.065,87.580,102.713,108.008
169,Estimates,Spain,21,724,2941.196,3218.354,3317.737,3306.872,3390.421,3232.673,2573.308,2133.610,1965.034,1899.890,2173.275,2425.681,2178.802
170,Estimates,TFYR Macedonia,22,807,243.045,227.283,218.505,223.877,205.764,200.830,202.577,185.859,165.599,139.076,126.730,114.349,117.163
171,Estimates,Western Europe,23,926,12466.379,13120.377,14187.683,13578.699,11320.184,10081.072,10338.526,10485.772,10091.634,9980.738,9783.622,9685.932,9712.254
172,Estimates,Austria,,40,522.023,609.360,668.491,638.923,519.000,437.845,447.278,429.652,456.698,416.565,391.628,386.980,403.513
173,Estimates,Belgium,,56,731.894,774.239,801.641,732.472,662.240,605.542,596.095,591.585,602.936,574.809,576.417,625.636,634.763
174,Estimates,France,,250,4082.073,4061.421,4298.845,4251.877,4158.046,3703.744,3846.472,3810.823,3645.957,3696.239,3837.466,3933.580,3866.151
175,Estimates,Germany,,276,5547.415,6015.125,6612.093,6186.706,4461.224,4057.383,4172.796,4301.331,3967.812,3893.393,3584.544,3393.426,3467.663
176,Estimates,Luxembourg,,442,22.202,24.791,26.463,24.332,20.452,19.730,21.049,22.044,25.816,27.545,26.405,27.527,29.978
177,Estimates,Netherlands,,528,1142.841,1182.697,1249.634,1211.911,1047.665,883.517,879.844,935.708,976.923,969.171,996.573,931.159,889.261
178,Estimates,Switzerland,,756,414.853,449.470,526.799,528.828,448.152,370.012,371.258,390.887,411.782,399.213,366.837,383.640,417.009
179,Estimates,LATIN AMERICA AND THE CARIBBEAN,,904,38706.020,43172.006,48347.330,51466.333,54297.101,57259.432,59395.657,59894.195,59725.897,59257.282,57358.992,55189.420,54645.222
180,Estimates,Caribbean,24,915,3532.840,3760.152,4308.368,4265.173,4151.823,3937.243,4193.822,4296.712,4185.987,4055.632,3920.809,3848.015,3780.561
181,Estimates,Antigua and Barbuda,,28,9.053,9.481,9.684,10.399,9.736,7.581,7.449,6.795,6.708,8.177,8.630,8.283,8.162
182,Estimates,Aruba,,533,9.055,9.389,9.181,7.641,6.854,6.792,6.861,6.506,6.463,6.556,6.314,5.899,5.695
183,Estimates,Bahamas,,44,14.120,16.859,20.959,20.351,24.313,24.891,30.211,29.542,31.601,29.054,24.548,27.190,27.640
184,Estimates,Barbados,,52,37.722,36.168,33.977,27.860,24.817,22.422,22.398,21.289,20.421,19.239,18.061,17.636,17.243
185,Estimates,Cuba,,192,984.348,971.008,1337.137,1314.333,1200.600,837.202,823.815,915.719,829.812,766.643,681.276,622.144,637.115
186,Estimates,Curaçao,,531,20.151,21.670,19.905,19.035,16.317,15.443,15.153,15.312,13.521,10.458,8.730,8.523,9.828
187,Estimates,Dominican Republic,,214,699.288,812.357,889.277,928.418,951.154,973.815,1027.066,1056.532,1080.774,1066.364,1094.180,1100.633,1091.848
188,Estimates,Grenada,,308,15.705,19.627,18.888,13.679,13.614,13.538,15.356,15.481,12.176,10.463,9.604,10.006,10.241
189,Estimates,Guadeloupe,25,312,45.364,49.031,51.312,50.853,45.657,39.188,33.313,36.913,34.531,35.551,33.643,30.326,26.840
190,Estimates,Haiti,,332,769.259,822.844,886.067,914.275,940.301,1082.754,1290.564,1317.171,1324.024,1336.194,1324.480,1340.423,1320.438
191,Estimates,Jamaica,,388,252.684,311.054,344.548,344.176,315.824,303.925,322.174,312.835,302.593,295.548,269.595,256.804,244.965
192,Estimates,Martinique,,474,48.583,51.435,52.375,50.834,42.343,29.995,28.397,31.467,29.943,29.096,28.055,26.900,23.476
193,Estimates,Puerto Rico,,630,417.085,399.936,397.871,352.810,352.017,362.937,336.257,320.037,314.461,287.678,265.120,239.891,206.837
194,Estimates,Saint Lucia,,662,19.899,22.310,21.381,20.634,19.828,21.290,20.370,19.973,18.626,16.463,12.774,11.530,11.020
195,Estimates,Saint Vincent and the Grenadines,,670,17.381,18.901,19.308,18.661,17.795,16.070,14.972,13.692,12.921,11.563,10.094,9.657,8.985
196,Estimates,Trinidad and Tobago,,780,137.313,150.114,158.215,129.735,131.659,143.913,163.076,141.449,112.005,95.010,95.603,100.713,99.027
197,Estimates,United States Virgin Islands,,850,4.804,5.594,8.588,13.314,14.508,13.032,12.406,12.450,11.161,8.394,7.806,8.481,7.372
198,Estimates,Central America,,916,9989.046,11280.498,12584.862,14233.284,16414.797,16612.072,16654.510,17068.137,17535.074,17681.383,17344.632,16803.251,16810.763
199,Estimates,Belize,,84,19.049,20.097,21.630,24.077,26.791,29.397,30.809,32.806,33.935,35.411,37.769,37.052,39.587
200,Estimates,Costa Rica,,188,218.562,273.211,315.208,314.912,295.450,332.198,377.936,407.686,411.829,399.102,364.958,364.481,353.839
201,Estimates,El Salvador,,222,537.573,615.899,696.331,754.998,814.861,858.558,840.581,819.002,822.192,782.925,673.626,622.297,594.742
202,Estimates,Guatemala,,320,884.221,978.468,1067.784,1198.450,1358.646,1527.124,1657.657,1725.710,1902.850,2014.952,2089.449,2021.789,2055.174
203,Estimates,Honduras,,340,431.785,484.766,538.154,614.760,685.780,771.782,848.171,915.797,999.482,1048.203,1069.908,1037.076,988.085
204,Estimates,Mexico,,484,7322.530,8243.210,9230.674,10535.899,12338.464,12107.780,11843.488,12094.894,12305.320,12356.244,12090.126,11696.515,11767.045
205,Estimates,Nicaragua,,558,384.793,444.798,464.986,515.387,599.687,682.591,746.207,751.866,729.197,694.541,658.731,648.629,620.154
206,Estimates,Panama,,591,190.533,220.049,250.095,274.801,295.118,302.642,309.661,320.376,330.269,350.005,360.065,375.412,392.137
207,Estimates,South America,26,931,25184.134,28131.356,31454.100,32967.876,33730.481,36710.117,38547.325,38529.346,38004.836,37520.267,36093.551,34538.154,34053.898
208,Estimates,Argentina,,32,2287.819,2399.129,2486.041,2606.971,2926.079,3474.251,3382.365,3504.839,3608.661,3556.068,3658.866,3708.166,3770.839
209,Estimates,Bolivia (Plurinational State of),,68,752.575,797.974,852.184,917.002,994.714,1090.389,1157.369,1194.390,1237.230,1281.425,1287.916,1276.222,1258.165
210,Estimates,Brazil,,76,12784.542,14376.708,16169.974,16685.336,17125.946,18692.495,19889.364,19067.585,18331.992,18239.159,16949.009,15506.971,15128.756
211,Estimates,Chile,,152,1233.939,1345.424,1427.015,1458.854,1369.313,1305.394,1353.619,1456.648,1419.272,1334.047,1264.425,1251.096,1205.137
212,Estimates,Colombia,,170,3143.397,3484.739,3937.095,4229.134,3999.776,4267.428,4504.475,4523.112,4493.331,4269.439,4212.842,4020.994,3820.450
213,Estimates,Ecuador,,218,846.011,952.072,1068.861,1195.495,1291.443,1353.035,1424.294,1511.219,1555.193,1580.476,1566.586,1616.214,1648.239
214,Estimates,French Guiana,,254,4.910,4.993,5.596,7.033,7.903,7.954,11.080,15.239,20.032,22.189,26.181,30.823,32.412
215,Estimates,Guyana,,328,99.723,118.431,124.085,126.065,126.589,118.557,120.561,107.428,106.408,102.192,90.860,79.998,79.741
216,Estimates,Paraguay,,600,347.914,380.709,419.200,457.367,468.373,539.112,629.111,689.461,718.093,735.926,695.406,699.807,695.732
217,Estimates,Peru,,604,1972.289,2230.745,2531.545,2761.360,2886.880,3116.334,3138.824,3273.280,3292.748,3177.139,3079.039,3042.453,3098.142
218,Estimates,Suriname,,740,55.796,61.947,69.298,69.191,63.406,53.874,53.890,55.053,56.797,55.645,53.901,52.010,51.387
219,Estimates,Uruguay,,858,244.662,269.180,286.533,281.648,297.852,290.559,271.773,279.046,288.027,276.981,264.759,253.256,245.595
220,Estimates,Venezuela (Bolivarian Republic of),,862,1410.346,1709.081,2076.416,2172.170,2172.009,2400.587,2610.467,2851.914,2876.901,2889.409,2943.588,2999.970,3019.141
221,Estimates,NORTHERN AMERICA,27,905,21944.553,23659.528,22656.080,19958.835,18510.262,18363.759,19891.025,21208.381,21987.615,21302.957,21912.804,22638.135,21625.465
222,Estimates,Canada,,124,2016.271,2293.517,2329.899,1897.824,1741.975,1787.730,1836.553,1884.160,1952.022,1736.206,1662.033,1846.624,1918.854
223,Estimates,United States of America,,840,19916.401,21351.567,20310.523,18047.457,16757.731,16566.575,18044.403,19313.534,20024.604,19556.999,20241.846,20783.126,19699.070
224,Estimates,OCEANIA,,909,1844.603,2057.099,2179.331,2283.907,2436.095,2336.733,2460.736,2593.952,2752.956,2812.560,2889.239,3181.069,3271.722
225,Estimates,Australia/New Zealand,,927,1257.829,1406.674,1467.806,1514.784,1584.801,1392.828,1435.269,1513.175,1589.161,1536.438,1540.486,1774.623,1832.683
226,Estimates,Australia,28,36,999.404,1109.205,1159.523,1205.531,1274.916,1128.195,1181.185,1236.842,1296.231,1255.317,1257.036,1457.040,1524.935
227,Estimates,New Zealand,,554,258.425,297.469,308.283,309.253,309.885,264.633,254.084,276.333,292.930,281.121,283.450,317.583,307.748
228,Estimates,Melanesia,,928,492.418,544.868,594.597,647.228,727.924,814.858,886.448,932.084,1013.564,1128.422,1208.425,1274.661,1314.665
229,Estimates,Fiji,,242,72.503,86.281,90.646,88.178,90.648,102.228,111.405,107.122,105.845,101.735,97.864,94.330,90.557
230,Estimates,New Caledonia,,540,11.559,12.542,14.423,17.426,21.562,19.752,18.993,19.224,21.722,21.583,21.177,21.064,21.172
231,Estimates,Papua New Guinea,,598,376.358,409.050,446.964,492.758,554.394,622.635,679.356,720.596,792.978,905.193,981.521,1043.277,1083.364
232,Estimates,Solomon Islands,,90,18.909,22.270,26.173,31.479,42.361,48.803,53.140,59.780,65.092,70.035,77.389,84.574,85.826
233,Estimates,Vanuatu,,548,13.089,14.725,16.391,17.387,18.959,21.440,23.554,25.362,27.927,29.876,30.474,31.416,33.746
234,Estimates,Micronesia,29,954,32.887,37.709,42.604,44.100,46.320,50.329,56.380,63.051,66.446,68.200,63.354,56.816,53.765
235,Estimates,Guam,,316,9.668,11.383,13.646,12.942,13.973,14.775,14.981,16.730,16.566,17.285,16.245,14.577,13.860
236,Estimates,Kiribati,,296,8.027,9.340,9.971,9.356,8.614,10.100,11.357,12.709,13.336,12.901,13.188,14.403,15.697
237,Estimates,Micronesia (Fed. States of),,583,8.373,9.224,10.342,11.928,12.439,13.005,15.580,16.156,16.729,16.872,15.014,12.860,12.255
238,Estimates,Polynesia,30,957,61.469,67.848,74.324,77.795,77.050,78.718,82.639,85.642,83.785,79.500,76.974,74.969,70.609
239,Estimates,French Polynesia,,258,14.881,16.024,16.668,18.385,20.671,22.462,24.869,28.163,26.706,24.093,23.475,22.638,21.957
240,Estimates,Samoa,,882,22.794,24.735,27.873,29.092,29.255,28.959,28.596,27.674,26.770,27.208,26.273,26.729,25.043
241,Estimates,Tonga,,776,12.107,13.924,15.562,15.994,14.289,15.319,16.290,14.862,14.935,13.734,14.195,14.466,13.512
