,,,,,"Number of births, both sexes combined (thousands)",,,,,,,,,,,,,,,,
Index,Variant,"Region, subregion, country or area *",Notes,Country code,2015-2020,2020-2025,2025-2030,2030-2035,2035-2040,2040-2045,2045-2050,2050-2055,2055-2060,2060-2065,2065-2070,2070-2075,2075-2080,2080-2085,2085-2090,2090-2095,2095-2100
1,Medium variant,WORLD,,900,704458.082,701332.392,699680.840,702024.219,707655.210,713193.177,714733.652,711741.757,706622.383,702725.430,699809.131,696550.451,691419.479,683971.055,674833.606,665138.810,655590.971
2,Medium variant,More developed regions,a,901,68429.006,67412.691,65777.266,64932.052,65451.861,66362.980,66736.287,66480.857,65844.942,65310.817,65212.895,65420.253,65576.364,65365.691,64843.788,64248.351,63766.762
3,Medium variant,Less developed regions,b,902,636029.076,633919.701,633903.574,637092.167,642203.349,646830.197,647997.365,645260.900,640777.441,637414.613,634596.236,631130.198,625843.115,618605.364,609989.818,600890.459,591824.209
4,Medium variant,Least developed countries,c,941,160741.707,170342.834,179797.914,188660.462,196649.376,203770.466,209935.251,215401.531,220118.605,224163.724,227204.771,229236.673,230348.772,230648.258,230226.896,229140.321,227327.119
5,Medium variant,"Less developed regions, excluding least developed countries",d,934,475287.369,463576.867,454105.660,448431.705,445553.973,443059.731,438062.114,429859.369,420658.836,413250.889,407391.465,401893.525,395494.343,387957.106,379762.922,371750.138,364497.090
6,Medium variant,"Less developed regions, excluding China",,948,552791.863,558384.928,563821.125,569898.672,575996.318,581146.664,583967.990,584115.989,582628.621,581340.381,579633.405,576864.988,572602.267,566884.098,559988.610,552396.482,544428.072
7,Medium variant,High-income countries,e,1503,65431.337,65311.827,64638.985,63977.186,63762.799,63980.036,64336.034,64619.594,64580.423,64297.709,64002.103,63833.173,63820.788,63764.642,63565.014,63198.950,62709.193
8,Medium variant,Middle-income countries,e,1517,518446.527,506674.214,497026.995,491809.899,490222.284,488967.428,484519.899,476347.641,467126.775,460029.884,454819.404,450008.274,444006.930,436492.137,428068.918,419791.286,412385.818
9,Medium variant,Upper-middle-income countries,e,1502,179464.288,167357.351,157718.624,152584.314,151186.090,150611.711,147816.743,142579.303,136948.758,133035.593,130902.822,129592.839,127636.784,124634.256,121108.970,117941.369,115588.616
10,Medium variant,Lower-middle-income countries,e,1501,338982.239,339316.863,339308.371,339225.585,339036.194,338355.717,336703.156,333768.338,330178.017,326994.291,323916.582,320415.435,316370.146,311857.881,306959.948,301849.917,296797.202
11,Medium variant,Low-income countries,e,1500,120336.202,129099.899,137761.995,145979.480,153411.640,159989.368,165624.146,170522.430,174663.391,178146.450,180737.908,182462.555,183349.050,183474.854,182962.954,181914.234,180264.225
12,Medium variant,Sub-Saharan Africa,f,947,185476.923,199304.447,213577.521,227716.854,240823.016,252496.603,262602.984,271470.543,279124.444,285990.569,291567.733,295534.964,298047.074,299249.645,299445.989,298571.647,296670.771
13,Medium variant,AFRICA,,903,214056.122,227242.796,241377.597,256280.773,270499.214,282787.673,292986.071,301575.307,308942.720,315747.897,321304.114,325151.925,327377.754,328179.454,327930.407,326597.565,324279.523
14,Medium variant,Eastern Africa,,910,74478.376,79825.350,85003.728,89918.470,94321.307,98310.123,101759.255,104733.513,107270.518,109365.278,111063.152,112225.749,112936.751,113247.468,113180.863,112796.732,111988.595
15,Medium variant,Burundi,,108,2297.634,2458.760,2598.075,2809.533,3083.721,3340.540,3530.271,3667.178,3798.156,3959.173,4134.674,4275.188,4361.652,4397.219,4434.510,4464.714,4490.313
16,Medium variant,Comoros,,174,132.115,136.681,141.225,146.347,151.536,155.834,158.780,160.176,161.168,161.720,162.231,161.484,159.731,157.340,154.522,151.736,148.787
17,Medium variant,Djibouti,,262,108.394,107.988,105.956,102.333,98.241,94.716,92.015,89.760,87.462,84.746,82.027,79.327,77.208,75.367,73.677,71.966,70.224
18,Medium variant,Eritrea,,232,803.674,825.081,862.973,912.051,951.940,972.394,978.008,981.642,989.158,997.254,998.823,987.676,970.614,953.053,936.352,921.636,906.183
19,Medium variant,Ethiopia,,231,16476.609,16976.434,17208.875,17307.794,17264.955,17205.380,17041.285,16774.236,16420.480,16031.971,15616.748,15223.334,14825.421,14451.690,14065.040,13703.168,13347.369
20,Medium variant,Kenya,,404,7736.117,8158.850,8588.965,8948.594,9199.456,9368.670,9508.254,9597.264,9635.555,9616.766,9534.634,9384.120,9216.378,9055.126,8877.302,8695.459,8502.512
21,Medium variant,Madagascar,,450,4260.571,4640.854,4973.603,5250.994,5518.438,5796.564,6067.784,6311.040,6501.301,6656.164,6785.050,6875.546,6945.211,6974.892,6966.169,6939.069,6871.273
22,Medium variant,Malawi,,454,3441.086,3753.398,4037.886,4280.928,4506.730,4715.640,4896.060,5054.236,5177.356,5268.014,5323.848,5346.149,5341.330,5311.565,5252.969,5188.939,5113.155
23,Medium variant,Mauritius,1,480,66.931,66.947,67.196,64.990,60.850,56.567,53.945,53.285,53.175,52.286,50.430,48.217,46.530,45.667,45.222,44.578,43.548
24,Medium variant,Mayotte,,175,36.243,37.988,40.387,42.678,44.159,44.742,44.626,44.356,44.186,43.952,43.564,42.843,41.933,40.993,40.132,39.438,38.759
25,Medium variant,Mozambique,,508,5783.369,6345.751,6916.552,7453.080,7923.990,8342.158,8712.363,9051.731,9365.540,9629.018,9847.871,10008.369,10128.153,10198.913,10226.768,10235.893,10162.373
26,Medium variant,Réunion,,638,65.531,63.965,63.714,62.970,61.155,58.672,56.380,54.554,53.213,51.901,50.431,48.761,47.123,45.725,44.552,43.483,42.443
27,Medium variant,Rwanda,,646,1861.874,1882.180,1936.192,2012.751,2062.399,2055.549,2006.575,1950.596,1906.980,1866.772,1822.591,1761.360,1694.868,1632.770,1581.858,1538.359,1498.758
28,Medium variant,Seychelles,,690,7.318,6.456,6.023,5.975,6.065,6.023,5.740,5.337,5.022,4.869,4.806,4.715,4.542,4.321,4.122,3.991,3.904
29,Medium variant,Somalia,,706,3220.688,3564.921,3906.879,4236.492,4559.500,4888.543,5213.835,5502.285,5759.093,5981.937,6189.814,6369.699,6520.613,6630.739,6699.229,6719.610,6720.976
30,Medium variant,South Sudan,,728,2254.682,2423.096,2554.096,2661.376,2760.962,2860.424,2952.216,3027.597,3081.398,3118.284,3144.177,3159.735,3160.469,3142.297,3113.988,3073.133,3030.883
31,Medium variant,Uganda,,800,9044.427,9993.422,10930.002,11801.755,12590.804,13314.798,13966.988,14554.030,15056.284,15458.713,15767.271,15983.882,16105.246,16144.201,16096.232,15974.623,15778.092
32,Medium variant,United Republic of Tanzania,2,834,10946.984,12075.448,13333.681,14634.272,15866.777,17025.490,18102.996,19150.602,20175.981,21098.226,21946.718,22654.041,23257.722,23770.380,24207.807,24508.366,24655.494
33,Medium variant,Zambia,,894,3278.623,3644.887,4015.607,4372.986,4726.768,5097.830,5480.576,5863.938,6209.011,6540.898,6856.125,7159.686,7444.646,7692.153,7902.200,8076.470,8213.971
34,Medium variant,Zimbabwe,,716,2655.506,2662.243,2715.841,2810.571,2882.861,2909.589,2890.558,2839.670,2789.999,2742.614,2701.319,2651.617,2587.361,2523.057,2458.212,2402.101,2349.578
35,Medium variant,Middle Africa,,911,33217.388,36284.234,39509.241,42626.822,45446.843,47832.632,49882.622,51707.746,53295.906,54728.724,55761.386,56437.401,56846.423,56959.748,56886.772,56640.233,56222.418
36,Medium variant,Angola,,24,6239.793,6968.056,7763.226,8565.659,9345.806,10080.114,10768.344,11428.442,12063.330,12665.732,13213.309,13683.160,14086.613,14436.746,14714.144,14928.328,15062.875
37,Medium variant,Cameroon,,120,4327.199,4584.420,4859.670,5149.266,5427.507,5688.626,5911.239,6098.048,6264.257,6424.856,6571.179,6674.094,6739.745,6771.044,6774.098,6753.069,6710.074
38,Medium variant,Central African Republic,,140,829.176,889.958,955.461,992.560,1000.685,1001.940,1007.830,1017.924,1025.102,1022.637,1012.529,996.878,980.443,966.506,951.815,935.657,914.879
39,Medium variant,Chad,,148,3222.556,3496.571,3748.880,3969.059,4165.327,4331.963,4473.787,4594.413,4699.522,4783.544,4841.797,4871.783,4884.676,4873.029,4839.460,4796.601,4731.462
40,Medium variant,Congo,,178,900.246,972.703,1073.465,1181.879,1273.497,1345.183,1413.361,1487.322,1562.848,1634.214,1689.671,1732.593,1769.583,1800.699,1829.445,1844.446,1851.682
41,Medium variant,Democratic Republic of the Congo,,180,17157.769,18807.451,20518.821,22155.046,23596.597,24724.589,25632.066,26397.329,26993.570,27510.078,27745.481,27793.714,27704.920,27438.732,27114.495,26729.494,26309.578
42,Medium variant,Equatorial Guinea,,226,215.269,237.678,256.263,269.575,280.681,291.735,300.201,306.770,311.489,313.675,314.413,313.163,311.565,308.955,305.597,301.552,296.912
43,Medium variant,Gabon,,266,291.164,291.359,295.266,303.671,315.137,325.612,331.933,332.811,330.451,328.050,326.594,325.348,322.261,317.592,311.693,305.556,300.046
44,Medium variant,Sao Tome and Principe,,678,34.216,36.038,38.189,40.107,41.606,42.870,43.861,44.687,45.337,45.938,46.413,46.668,46.617,46.445,46.025,45.530,44.910
45,Medium variant,Northern Africa,,912,28579.199,27938.349,27800.076,28563.919,29676.198,30291.070,30383.087,30104.764,29818.276,29757.328,29736.381,29616.961,29330.680,28929.809,28484.418,28025.918,27608.752
46,Medium variant,Algeria,,12,4500.012,4100.752,3749.736,3622.673,3723.601,3901.974,3968.102,3819.219,3576.672,3415.454,3377.425,3408.840,3421.528,3362.910,3246.784,3131.761,3061.191
47,Medium variant,Egypt,,818,12306.200,11877.880,11860.748,12469.798,13164.946,13309.848,13124.402,12864.813,12724.007,12716.011,12640.199,12436.269,12137.730,11842.779,11593.356,11386.182,11173.979
48,Medium variant,Libya,,434,604.725,562.022,524.014,503.762,501.246,502.987,494.017,472.734,448.100,430.438,421.502,417.426,411.895,401.564,387.523,374.809,365.529
49,Medium variant,Morocco,,504,3445.195,3274.027,3111.850,3001.331,2942.830,2898.991,2826.937,2718.409,2598.498,2495.011,2418.151,2358.695,2299.252,2227.358,2149.911,2076.825,2016.683
50,Medium variant,Sudan,,729,6651.506,7129.125,7644.441,8103.714,8471.444,8774.324,9059.528,9349.867,9639.835,9904.836,10094.832,10209.004,10274.750,10324.583,10361.817,10335.538,10285.361
51,Medium variant,Tunisia,,788,1014.536,935.926,849.903,802.616,811.083,840.366,846.127,814.810,765.947,730.132,718.498,720.522,718.825,703.653,678.031,654.002,639.408
52,Medium variant,Western Sahara,,732,57.025,58.617,59.384,60.025,61.048,62.580,63.974,64.912,65.217,65.446,65.774,66.205,66.700,66.962,66.996,66.801,66.601
53,Medium variant,Southern Africa,,913,6962.747,6840.862,6687.318,6576.449,6512.645,6440.525,6316.592,6156.385,5985.740,5841.134,5719.363,5600.085,5480.330,5347.993,5217.125,5098.325,4992.795
54,Medium variant,Botswana,,72,263.933,258.192,251.618,248.006,247.125,246.419,243.277,237.496,230.972,225.319,221.320,218.195,214.947,210.647,205.861,201.461,197.847
55,Medium variant,Lesotho,,426,307.149,303.072,296.937,295.206,295.206,294.017,289.759,284.123,277.559,270.242,263.929,257.658,251.085,244.594,237.989,231.823,225.917
56,Medium variant,Namibia,,516,363.428,371.699,376.127,381.273,388.204,395.133,397.812,394.805,388.578,382.079,376.257,370.809,364.931,357.132,348.856,341.105,334.041
57,Medium variant,South Africa,,710,5833.642,5715.215,5573.394,5464.481,5394.905,5319.235,5203.722,5063.339,4917.606,4797.289,4695.814,4595.527,4495.754,4386.724,4279.856,4183.321,4097.904
58,Medium variant,Swaziland,,748,194.595,192.684,189.242,187.483,187.205,185.721,182.022,176.622,171.025,166.205,162.043,157.896,153.613,148.896,144.563,140.615,137.086
59,Medium variant,Western Africa,3,914,70818.412,76354.001,82377.234,88595.113,94542.221,99913.323,104644.515,108872.899,112572.280,116055.433,119023.832,121271.729,122783.570,123694.436,124161.229,124036.357,123466.963
60,Medium variant,Benin,,204,2065.564,2240.378,2415.179,2583.995,2746.011,2893.020,3026.109,3149.789,3260.802,3364.386,3443.855,3509.972,3558.230,3595.273,3610.496,3606.257,3590.653
61,Medium variant,Burkina Faso,,854,3724.662,4030.674,4359.874,4681.238,4972.716,5220.651,5433.905,5635.237,5806.564,5964.582,6089.323,6170.641,6216.841,6233.398,6208.991,6171.516,6115.508
62,Medium variant,Cabo Verde,,132,56.668,55.515,53.218,50.724,48.603,46.925,45.527,44.093,42.600,41.106,39.693,38.489,37.486,36.497,35.536,34.573,33.668
63,Medium variant,Côte d'Ivoire,,384,4484.903,4860.255,5227.204,5617.168,6015.905,6410.177,6786.495,7136.863,7482.753,7799.784,8087.325,8330.614,8551.203,8724.660,8875.178,8956.158,9008.113
64,Medium variant,Gambia,,270,412.989,445.870,476.391,503.657,525.240,539.203,546.875,550.796,552.834,552.758,550.768,545.242,536.925,527.212,517.647,506.439,496.537
65,Medium variant,Ghana,,288,4403.204,4518.576,4668.008,4860.214,5058.006,5238.785,5354.953,5406.653,5443.894,5489.900,5526.730,5533.882,5502.595,5442.911,5358.390,5275.901,5199.737
66,Medium variant,Guinea,,324,2277.031,2431.002,2582.874,2726.754,2859.867,2986.009,3099.876,3195.526,3279.019,3344.597,3394.978,3426.350,3444.635,3442.130,3427.894,3397.011,3361.435
67,Medium variant,Guinea-Bissau,,624,336.099,348.053,359.249,374.268,391.233,405.849,416.472,422.934,428.105,433.830,438.234,441.099,439.983,436.329,431.003,425.671,420.144
68,Medium variant,Liberia,,430,810.726,870.812,930.737,987.117,1038.705,1084.973,1127.457,1166.846,1200.486,1230.523,1251.265,1264.553,1271.819,1272.318,1268.397,1257.801,1244.594
69,Medium variant,Mali,,466,3943.596,4316.963,4722.397,5096.352,5408.034,5650.344,5847.480,6025.940,6168.451,6288.248,6358.065,6377.844,6371.067,6322.975,6259.479,6183.949,6088.047
70,Medium variant,Mauritania,,478,750.360,803.507,855.242,908.134,961.673,1011.524,1055.120,1092.544,1125.733,1155.577,1180.983,1201.503,1218.477,1230.356,1232.305,1232.443,1226.635
71,Medium variant,Niger,,562,5241.955,6137.273,7122.607,8170.055,9249.192,10334.070,11395.427,12410.826,13360.887,14222.070,14957.069,15649.180,16179.336,16640.769,17002.591,17257.901,17416.785
72,Medium variant,Nigeria,,566,36905.765,39618.907,42613.898,45709.707,48617.020,51165.323,53358.314,55299.633,56931.823,58531.999,59946.438,60941.093,61568.718,61893.668,62076.669,61924.509,61532.483
73,Medium variant,Senegal,,686,2781.544,2944.721,3138.852,3368.782,3608.786,3825.190,4006.990,4154.239,4286.998,4420.288,4548.019,4649.820,4723.723,4768.766,4777.053,4776.994,4758.285
74,Medium variant,Sierra Leone,,694,1307.578,1335.546,1359.013,1370.462,1373.400,1366.530,1354.187,1338.808,1315.223,1289.358,1258.820,1226.861,1193.774,1161.821,1130.827,1099.171,1068.997
75,Medium variant,Togo,,768,1315.548,1395.701,1492.237,1586.259,1667.636,1734.572,1789.145,1841.977,1885.911,1926.238,1952.092,1964.422,1968.597,1965.188,1948.608,1929.899,1905.187
76,Medium variant,ASIA,,935,372314.000,358514.102,346073.403,336025.037,328445.846,322113.269,314310.292,304213.128,293619.991,284639.097,277387.187,271076.542,264501.309,257369.002,249880.536,242957.544,237012.358
77,Medium variant,Eastern Asia,,906,92747.620,84806.523,79154.589,75978.053,74647.367,73906.286,72148.222,69166.769,66042.019,63815.545,62519.278,61629.678,60469.321,58850.402,57036.930,55425.330,54199.082
78,Medium variant,China,4,156,81730.019,74019.459,68617.827,65833.661,64967.501,64492.742,62797.090,59846.043,56818.594,54763.627,53707.597,53063.020,52055.317,50515.860,48768.627,47254.558,46178.772
79,Medium variant,"China, Hong Kong SAR",5,344,409.930,411.997,378.643,332.826,307.285,316.593,347.236,378.512,394.121,387.834,370.200,360.630,367.166,383.431,397.186,400.861,393.468
80,Medium variant,"China, Macao SAR",6,446,38.196,38.953,36.924,34.436,34.534,37.623,41.891,45.116,46.279,46.135,46.060,46.922,48.580,50.267,51.295,51.660,51.597
81,Medium variant,"China, Taiwan Province of China",,158,1059.068,1064.364,1049.055,992.572,897.711,836.575,843.158,875.240,889.826,876.636,838.974,794.638,769.785,771.708,784.100,786.898,772.300
82,Medium variant,Dem. People's Republic of Korea,,408,1761.776,1756.753,1702.832,1609.878,1521.320,1474.108,1465.054,1454.272,1417.926,1361.119,1307.278,1270.860,1252.790,1238.064,1213.586,1178.854,1142.398
83,Medium variant,Japan,,392,5139.473,4911.106,4762.742,4680.764,4620.836,4546.909,4446.961,4329.234,4220.332,4145.624,4089.760,4033.315,3973.413,3896.215,3814.685,3743.090,3680.725
84,Medium variant,Mongolia,,496,346.145,316.015,293.722,286.793,295.126,309.540,318.010,309.210,290.649,277.413,274.161,277.392,280.582,277.971,269.707,259.606,253.016
85,Medium variant,Republic of Korea,,410,2263.013,2287.876,2312.844,2207.123,2003.054,1892.196,1888.822,1929.142,1964.292,1957.157,1885.248,1782.901,1721.688,1716.886,1737.744,1749.803,1726.806
86,Medium variant,South-Central Asia,7,921,193060.564,188114.704,182540.241,176628.171,170984.625,166021.353,160960.292,155267.309,149441.284,144186.195,139536.989,135290.187,131100.915,126933.905,122727.134,118887.966,115537.237
87,Medium variant,Central Asia,,5500,7766.332,7209.380,6782.597,6767.138,6985.382,7113.540,6963.997,6635.431,6332.871,6186.087,6143.681,6093.694,5958.432,5756.223,5550.671,5394.332,5291.962
88,Medium variant,Kazakhstan,,398,1836.250,1662.518,1559.151,1575.460,1665.122,1743.529,1743.639,1666.002,1573.941,1529.476,1533.203,1550.523,1545.585,1508.216,1453.550,1405.450,1380.206
89,Medium variant,Kyrgyzstan,,417,728.169,672.717,636.675,642.780,665.565,674.562,660.459,630.040,600.118,582.194,574.403,566.863,552.657,532.070,510.809,493.324,480.665
90,Medium variant,Tajikistan,,762,1257.533,1234.097,1207.631,1235.187,1300.123,1343.248,1330.331,1287.793,1255.179,1248.423,1248.442,1233.674,1195.279,1152.275,1117.010,1094.158,1075.053
91,Medium variant,Turkmenistan,,795,695.311,645.599,604.599,602.196,626.989,641.563,626.795,592.109,562.101,548.535,546.229,543.084,530.273,509.670,489.521,475.828,468.675
92,Medium variant,Uzbekistan,,860,3249.069,2994.449,2774.541,2711.515,2727.583,2710.638,2602.773,2459.487,2341.532,2277.459,2241.404,2199.550,2134.638,2053.992,1979.781,1925.572,1887.363
93,Medium variant,Southern Asia,,5501,185294.232,180905.324,175757.644,169861.033,163999.243,158907.813,153996.295,148631.878,143108.413,138000.108,133393.308,129196.493,125142.483,121177.682,117176.463,113493.634,110245.275
94,Medium variant,Afghanistan,,4,5789.812,5832.807,5866.669,5847.718,5757.212,5594.638,5389.950,5189.174,4998.981,4808.560,4625.086,4438.594,4257.159,4093.431,3947.863,3809.247,3678.693
95,Medium variant,Bangladesh,,50,15285.983,14577.596,13779.208,12954.598,12214.484,11632.710,11111.075,10619.542,10163.977,9740.480,9367.697,9023.552,8712.163,8427.457,8155.664,7905.319,7673.409
96,Medium variant,Bhutan,,64,72.247,68.647,64.026,59.787,56.827,55.021,53.640,51.958,49.885,47.791,46.129,44.979,44.071,43.091,41.902,40.652,39.565
97,Medium variant,India,,356,126120.242,123965.853,121036.174,116355.235,110903.781,106455.963,103135.824,99962.190,96470.749,92889.143,89436.386,86380.451,83718.891,81299.194,78792.046,76328.298,74069.471
98,Medium variant,Iran (Islamic Republic of),,364,6334.461,5299.353,4532.646,4362.995,4593.800,4783.428,4620.053,4206.058,3821.568,3655.068,3684.678,3749.798,3696.643,3516.569,3304.329,3169.790,3133.781
99,Medium variant,Maldives,,462,37.907,33.495,28.759,26.612,27.331,28.817,28.784,26.945,24.735,23.460,23.433,23.832,23.758,22.903,21.729,20.865,20.546
100,Medium variant,Nepal,,524,2871.954,2804.240,2653.904,2437.972,2247.161,2122.530,2023.872,1926.418,1820.660,1715.848,1622.973,1544.244,1478.598,1416.957,1355.872,1295.889,1240.112
101,Medium variant,Pakistan,,586,27225.529,26876.665,26411.072,26454.882,26873.475,26987.896,26483.240,25584.045,24748.876,24147.319,23646.482,23097.374,22374.982,21576.814,20817.009,20211.622,19701.052
102,Medium variant,Sri Lanka,,144,1556.097,1446.668,1385.186,1361.234,1325.172,1246.810,1149.857,1065.548,1008.982,972.439,940.444,893.669,836.218,781.266,740.049,711.952,688.646
103,Medium variant,South-Eastern Asia,,920,58295.726,57235.158,55853.691,54607.072,53622.324,52690.529,51622.684,50347.238,48955.495,47623.557,46455.427,45387.187,44355.092,43298.035,42203.499,41140.782,40160.250
104,Medium variant,Brunei Darussalam,,96,33.133,31.904,30.494,29.242,28.340,28.013,27.845,27.254,26.403,25.541,24.923,24.542,24.276,23.880,23.348,22.766,22.258
105,Medium variant,Cambodia,,116,1831.192,1751.005,1685.264,1666.716,1662.453,1631.997,1570.743,1505.210,1453.048,1413.205,1377.557,1334.341,1287.228,1242.587,1203.971,1170.072,1139.314
106,Medium variant,Indonesia,,360,24411.984,23630.562,23062.894,22688.239,22299.654,21761.743,21120.745,20445.176,19848.382,19340.774,18905.744,18428.881,17941.209,17456.829,16996.017,16587.665,16220.134
107,Medium variant,Lao People's Democratic Republic,,418,800.984,769.682,734.964,701.363,668.916,636.695,604.528,573.481,544.746,519.803,497.346,475.983,455.779,436.971,419.583,403.615,389.274
108,Medium variant,Malaysia,8,458,2698.856,2748.400,2659.429,2497.714,2367.972,2323.865,2347.790,2368.275,2335.153,2255.892,2171.138,2116.707,2100.567,2097.985,2077.712,2032.011,1977.983
109,Medium variant,Myanmar,,104,4711.965,4690.251,4644.352,4507.159,4311.209,4099.288,3939.801,3840.867,3759.935,3663.066,3542.647,3419.947,3312.176,3230.507,3161.565,3092.309,3014.559
110,Medium variant,Philippines,,608,12096.990,12277.777,12372.958,12407.402,12360.532,12272.217,12147.260,11958.863,11698.920,11432.110,11157.117,10888.728,10615.343,10338.669,10067.247,9799.126,9536.446
111,Medium variant,Singapore,,702,248.968,250.389,248.187,240.791,231.133,222.890,217.564,214.368,211.745,208.051,202.986,197.288,192.461,187.914,183.815,179.545,174.623
112,Medium variant,Thailand,,764,3443.223,3222.287,3165.915,3096.020,2974.071,2843.844,2713.453,2603.830,2535.769,2495.590,2445.964,2381.072,2306.497,2240.712,2188.514,2149.531,2111.368
113,Medium variant,Timor-Leste,,626,225.548,241.330,255.875,265.951,272.131,276.331,279.139,282.137,283.617,283.396,280.100,274.759,269.303,263.120,257.536,251.329,244.522
114,Medium variant,Viet Nam,,704,7792.883,7621.571,6993.359,6506.475,6445.913,6593.646,6653.816,6527.777,6257.777,5986.129,5849.905,5844.939,5850.253,5778.861,5624.191,5452.813,5329.769
115,Medium variant,Western Asia,,922,28210.090,28357.717,28524.882,28811.741,29191.530,29495.101,29579.094,29431.812,29181.193,29013.800,28875.493,28769.490,28575.981,28286.660,27912.973,27503.466,27115.789
116,Medium variant,Armenia,,51,188.535,164.337,145.542,137.092,137.696,137.928,131.303,120.239,110.368,105.005,103.532,102.661,99.651,94.321,88.684,84.621,82.640
117,Medium variant,Azerbaijan,9,31,824.487,719.042,658.689,657.192,666.764,655.943,627.275,594.381,569.989,558.881,552.702,542.960,528.043,510.793,495.282,484.006,476.114
118,Medium variant,Bahrain,,48,109.230,112.380,114.438,115.357,109.156,103.087,100.533,100.636,101.354,100.741,98.720,96.051,94.021,93.332,93.079,92.564,91.214
119,Medium variant,Cyprus,10,196,62.755,59.961,59.244,59.721,60.608,60.878,60.212,59.347,58.837,59.102,59.622,59.849,59.650,59.157,58.605,58.367,58.272
120,Medium variant,Georgia,11,268,253.895,226.798,208.183,202.259,203.911,203.222,193.643,179.026,166.850,160.411,157.704,154.749,148.942,140.725,133.009,127.714,124.454
121,Medium variant,Iraq,,368,6302.977,6788.595,7310.115,7867.859,8436.118,8971.091,9444.911,9870.750,10244.318,10623.161,10932.303,11194.510,11376.607,11500.129,11560.709,11561.691,11531.915
122,Medium variant,Israel,,376,822.976,824.803,842.884,879.327,920.751,953.123,963.266,957.953,948.771,947.205,953.933,959.328,958.213,947.187,931.165,916.755,906.428
123,Medium variant,Jordan,,400,1234.904,1205.105,1153.509,1137.924,1146.825,1147.620,1128.477,1096.014,1068.555,1047.006,1030.671,1011.182,985.225,955.718,928.729,906.481,888.206
124,Medium variant,Kuwait,,414,325.852,304.753,297.584,303.700,313.505,323.661,327.314,323.444,318.108,317.326,320.688,324.673,325.841,323.606,319.774,316.919,315.803
125,Medium variant,Lebanon,,422,457.427,437.966,373.645,308.690,263.485,244.732,246.501,255.051,255.504,241.584,222.423,208.903,205.222,206.530,205.961,199.797,189.943
126,Medium variant,Oman,,512,402.869,378.734,341.571,320.784,322.138,334.663,340.490,331.911,314.867,300.570,295.821,298.237,300.718,297.310,288.473,279.173,273.635
127,Medium variant,Qatar,,634,131.168,133.623,133.476,131.557,132.916,137.167,141.769,145.274,146.311,146.148,146.552,147.980,150.330,152.106,152.718,152.479,151.910
128,Medium variant,Saudi Arabia,,682,3159.283,2979.518,2730.261,2557.580,2499.997,2533.434,2571.900,2534.366,2426.293,2305.578,2230.816,2211.104,2211.979,2193.214,2142.326,2074.793,2015.931
129,Medium variant,State of Palestine,12,275,779.330,821.807,851.164,877.991,908.078,939.112,963.382,976.752,979.492,978.793,975.054,970.470,962.073,949.518,934.184,915.662,898.070
130,Medium variant,Syrian Arab Republic,,760,1927.076,2132.147,2468.254,2598.984,2607.064,2520.243,2406.969,2314.582,2258.367,2219.262,2172.737,2108.895,2035.195,1965.267,1912.155,1872.309,1835.385
131,Medium variant,Turkey,,792,6404.767,6209.046,5956.010,5757.377,5585.744,5425.847,5244.961,5047.425,4857.734,4702.557,4565.978,4451.179,4326.120,4198.683,4070.683,3957.335,3861.609
132,Medium variant,United Arab Emirates,,784,436.884,431.228,456.599,493.135,518.318,525.586,528.204,538.945,556.252,575.224,589.118,598.462,603.788,610.901,619.142,627.166,633.027
133,Medium variant,Yemen,,887,4385.675,4427.874,4423.714,4405.212,4358.456,4277.764,4157.984,3985.716,3799.223,3625.246,3467.119,3328.297,3204.363,3088.163,2978.295,2875.634,2781.233
134,Medium variant,EUROPE,,908,38856.211,37216.489,35397.938,34563.355,35030.453,35748.430,35753.026,35016.311,34070.325,33440.225,33327.309,33484.837,33483.867,33117.366,32509.533,31938.441,31596.803
135,Medium variant,Eastern Europe,,923,16211.225,14878.007,13443.455,12799.300,13205.546,13834.127,13876.918,13279.637,12510.305,12027.388,11996.870,12197.324,12260.532,12030.304,11606.631,11238.870,11080.619
136,Medium variant,Belarus,,112,555.239,512.250,461.098,437.870,453.546,479.890,485.980,466.309,438.309,421.142,420.948,430.211,434.114,426.301,411.298,397.759,393.101
137,Medium variant,Bulgaria,,100,326.560,306.396,281.246,264.673,264.704,266.785,260.123,247.366,233.315,222.382,216.983,214.861,211.578,204.929,196.453,188.766,183.577
138,Medium variant,Czechia,,203,536.361,505.563,468.265,451.797,471.976,495.345,496.598,481.878,462.112,448.120,447.802,457.156,462.886,458.165,445.990,433.651,427.311
139,Medium variant,Hungary,,348,436.399,424.533,411.380,392.642,379.373,371.722,363.548,355.827,348.466,340.056,331.313,323.598,317.221,311.478,305.615,299.254,292.837
140,Medium variant,Poland,,616,1725.224,1549.591,1427.502,1349.806,1340.516,1340.268,1294.685,1214.212,1141.351,1093.303,1073.523,1065.186,1045.892,1009.892,965.917,930.651,909.126
141,Medium variant,Republic of Moldova,13,498,201.612,177.520,160.097,147.857,143.702,142.345,137.529,128.571,119.246,112.541,108.956,106.942,104.360,100.045,94.901,90.538,87.618
142,Medium variant,Romania,,642,937.137,890.227,847.529,819.992,804.981,783.212,753.551,724.837,699.295,679.433,663.543,648.361,630.194,610.906,592.191,576.731,563.402
143,Medium variant,Russian Federation,,643,8903.008,8136.068,7232.746,6903.209,7292.905,7838.513,7982.558,7656.909,7185.064,6911.976,6962.235,7172.506,7283.356,7181.912,6936.529,6724.716,6660.665
144,Medium variant,Slovakia,,703,281.577,268.198,247.336,229.625,225.104,228.775,229.882,224.725,215.029,204.770,198.334,196.658,196.478,194.570,189.370,182.988,177.475
145,Medium variant,Ukraine,14,804,2308.108,2107.661,1906.256,1801.829,1828.739,1887.272,1872.464,1779.003,1668.118,1593.665,1573.233,1581.845,1574.453,1532.106,1468.367,1413.816,1385.507
146,Medium variant,Northern Europe,15,924,6243.992,6205.593,6056.947,6003.225,6125.403,6290.935,6371.573,6362.003,6305.384,6266.445,6287.012,6340.906,6375.905,6362.418,6310.791,6254.334,6219.581
147,Medium variant,Channel Islands,16,830,7.669,7.705,7.760,7.797,7.807,7.818,7.856,7.915,7.982,8.033,8.047,8.039,8.023,8.002,7.976,7.942,7.876
148,Medium variant,Denmark,,208,306.415,328.645,341.239,340.648,334.151,328.138,329.466,338.525,347.229,349.818,346.582,341.826,339.977,341.680,344.465,345.512,342.933
149,Medium variant,Estonia,,233,69.779,64.822,58.400,55.785,57.255,58.624,57.475,54.406,51.041,48.713,48.043,48.196,47.858,46.431,44.389,42.651,41.622
150,Medium variant,Finland,17,246,300.011,300.307,295.624,292.084,293.743,298.189,301.259,301.894,300.914,299.209,298.802,299.415,299.999,299.653,297.856,295.389,293.115
151,Medium variant,Iceland,,352,22.090,21.789,21.233,20.758,20.590,20.542,20.341,19.966,19.574,19.218,18.955,18.771,18.564,18.298,17.979,17.679,17.410
152,Medium variant,Ireland,,372,322.620,296.055,291.328,308.521,331.127,341.644,335.769,322.661,314.871,317.739,326.526,334.017,334.445,328.630,322.260,319.693,320.942
153,Medium variant,Latvia,,428,97.142,87.797,77.577,73.094,75.422,78.276,76.969,72.541,67.609,64.205,63.338,63.818,63.698,61.894,59.040,56.513,55.047
154,Medium variant,Lithuania,,440,153.057,151.160,140.037,126.247,120.609,122.833,125.539,124.334,118.740,111.362,106.345,105.303,106.057,105.569,102.543,98.244,94.603
155,Medium variant,Norway,18,578,319.569,332.674,340.328,345.056,349.540,355.564,364.147,373.717,380.875,385.012,387.559,390.220,393.731,396.967,399.675,400.373,399.733
156,Medium variant,Sweden,,752,609.412,623.734,608.964,596.995,610.902,636.302,656.830,667.315,667.434,663.969,666.402,676.332,687.659,694.088,694.255,691.049,688.982
157,Medium variant,United Kingdom,,826,4028.490,3982.794,3865.956,3827.635,3915.807,4034.742,4087.730,4070.464,4020.748,3990.770,4008.092,4046.784,4067.819,4053.177,4012.336,3971.305,3949.412
158,Medium variant,Southern Europe,19,925,6498.496,6154.944,6025.432,6033.214,6073.994,6032.825,5868.401,5671.471,5538.172,5483.817,5471.915,5454.295,5392.327,5285.360,5170.610,5081.061,5021.395
159,Medium variant,Albania,,8,171.105,168.085,159.228,143.887,128.892,120.908,117.983,114.433,108.465,100.577,92.779,87.092,83.703,81.008,77.625,73.275,68.766
160,Medium variant,Bosnia and Herzegovina,,70,162.402,163.435,157.297,144.902,134.450,129.545,128.578,128.516,126.139,120.635,114.550,110.444,108.716,107.953,106.401,103.412,99.674
161,Medium variant,Croatia,,191,188.149,173.887,165.133,159.216,156.595,154.469,149.140,141.755,135.693,131.840,129.517,127.665,125.045,121.183,117.078,113.801,111.552
162,Medium variant,Greece,,300,440.291,403.584,398.630,405.391,412.635,406.575,385.571,363.132,351.149,350.486,354.215,354.634,348.183,336.856,326.418,320.571,318.997
163,Medium variant,Italy,,380,2420.230,2349.937,2350.492,2384.486,2405.165,2383.419,2329.222,2281.119,2262.954,2268.616,2276.004,2270.278,2246.448,2210.835,2180.866,2160.430,2147.627
164,Medium variant,Malta,,470,21.462,21.445,20.523,19.108,18.136,18.068,18.455,18.653,18.370,17.737,17.061,16.695,16.677,16.752,16.654,16.339,15.902
165,Medium variant,Montenegro,,499,35.120,33.353,31.984,30.795,29.812,28.773,27.635,26.529,25.570,24.781,24.078,23.374,22.648,21.924,21.257,20.673,20.151
166,Medium variant,Portugal,,620,388.936,359.165,359.561,364.023,361.402,348.477,329.946,314.046,308.048,308.902,310.471,307.119,299.163,289.663,282.710,279.672,278.490
167,Medium variant,Serbia,20,688,462.466,446.244,425.539,404.866,386.679,371.119,359.415,348.525,335.898,322.631,309.638,298.628,289.524,281.234,272.564,263.697,255.116
168,Medium variant,Slovenia,,705,103.778,95.570,88.317,86.132,89.233,93.164,93.454,89.892,85.387,82.834,83.028,84.481,85.171,83.849,81.288,78.998,78.004
169,Medium variant,Spain,21,724,1981.394,1821.892,1757.772,1786.613,1851.434,1880.099,1831.332,1749.017,1688.323,1666.785,1675.811,1690.875,1684.963,1653.348,1608.984,1573.998,1553.283
170,Medium variant,TFYR Macedonia,22,807,116.744,112.361,105.035,97.693,93.206,91.766,91.364,89.739,86.150,81.927,78.579,76.733,75.809,74.566,72.682,70.170,67.809
171,Medium variant,Western Europe,23,926,9902.498,9977.945,9872.104,9727.616,9625.510,9590.543,9636.134,9703.200,9716.464,9662.575,9571.512,9492.312,9455.103,9439.284,9421.501,9364.176,9275.208
172,Medium variant,Austria,,40,425.383,428.101,414.263,394.797,384.070,386.268,395.741,403.556,402.442,394.565,386.006,382.675,384.001,386.738,386.598,382.239,375.280
173,Medium variant,Belgium,,56,652.335,647.416,634.507,628.721,637.836,651.459,659.648,660.728,655.856,651.794,652.382,657.109,660.759,661.229,657.151,651.734,647.621
174,Medium variant,France,,250,3800.193,3775.578,3806.737,3874.106,3912.035,3895.104,3853.279,3828.109,3835.402,3861.332,3875.269,3866.909,3840.490,3812.073,3799.104,3791.477,3790.485
175,Medium variant,Germany,,276,3640.164,3721.111,3618.246,3454.617,3339.741,3314.990,3371.650,3434.341,3440.196,3382.970,3304.422,3246.601,3235.399,3242.535,3243.401,3213.771,3154.807
176,Medium variant,Luxembourg,,442,33.495,35.250,36.652,37.744,38.712,39.979,41.789,43.677,45.033,45.964,46.634,47.253,47.965,48.777,49.424,49.836,49.935
177,Medium variant,Netherlands,,528,905.263,920.977,920.347,904.864,879.702,857.542,851.727,858.446,860.286,852.338,836.217,820.064,810.315,807.059,803.867,796.545,784.422
178,Medium variant,Switzerland,,756,441.744,445.398,437.022,428.348,429.028,440.775,457.675,469.518,472.294,468.590,465.545,466.667,471.106,475.717,476.730,473.319,467.414
179,Medium variant,LATIN AMERICA AND THE CARIBBEAN,,904,53316.301,51540.764,49631.969,47841.179,46224.845,44804.592,43468.361,42114.974,40745.207,39486.935,38318.964,37279.866,36307.540,35351.708,34422.599,33537.655,32704.224
180,Medium variant,Caribbean,24,915,3675.066,3543.223,3398.925,3255.752,3121.884,3004.152,2886.089,2766.211,2643.795,2528.451,2424.791,2330.891,2244.306,2160.837,2080.870,2004.320,1933.325
181,Medium variant,Antigua and Barbuda,,28,8.219,8.231,8.085,7.827,7.587,7.420,7.321,7.225,7.085,6.908,6.741,6.595,6.490,6.389,6.277,6.152,6.031
182,Medium variant,Aruba,,533,5.814,6.127,6.430,6.366,6.004,5.617,5.438,5.487,5.576,5.532,5.346,5.121,4.973,4.921,4.918,4.873,4.764
183,Medium variant,Bahamas,,44,27.907,27.491,26.564,25.418,24.744,24.862,25.161,25.058,24.615,24.066,23.636,23.439,23.401,23.308,23.030,22.634,22.249
184,Medium variant,Barbados,,52,16.836,16.462,16.112,15.827,15.604,15.388,15.137,14.876,14.601,14.370,14.154,13.963,13.756,13.535,13.320,13.114,12.922
185,Medium variant,Cuba,,192,611.671,585.215,551.114,521.205,502.198,494.157,486.819,473.017,454.381,436.286,422.227,412.695,404.878,395.309,383.951,371.754,361.099
186,Medium variant,Curaçao,,531,10.027,9.961,9.857,9.692,9.577,9.579,9.635,9.633,9.537,9.419,9.337,9.287,9.257,9.207,9.121,9.014,8.903
187,Medium variant,Dominican Republic,,214,1063.469,1030.517,995.714,959.050,919.924,879.622,839.693,801.425,766.224,734.039,704.526,675.803,649.117,623.885,600.681,579.345,559.396
188,Medium variant,Grenada,,308,9.824,8.809,7.745,7.123,6.933,6.761,6.356,5.761,5.170,4.759,4.526,4.332,4.073,3.746,3.418,3.159,2.985
189,Medium variant,Guadeloupe,25,312,24.282,24.347,25.464,25.344,23.748,21.821,20.381,19.795,19.854,19.747,19.058,17.965,16.989,16.414,16.173,16.006,15.634
190,Medium variant,Haiti,,332,1306.648,1276.857,1240.138,1200.364,1157.905,1116.286,1069.945,1024.963,979.456,937.926,899.141,862.418,827.143,793.840,763.221,734.536,707.697
191,Medium variant,Jamaica,,388,236.738,218.467,196.703,175.713,158.853,147.998,140.057,131.167,119.600,106.418,95.373,87.098,80.847,74.886,68.191,61.105,54.623
192,Medium variant,Martinique,,474,21.034,19.762,19.575,19.782,19.485,18.252,16.947,16.269,16.003,15.851,15.586,15.028,14.311,13.721,13.386,13.181,12.970
193,Medium variant,Puerto Rico,,630,193.659,183.298,175.141,164.927,153.481,142.907,134.330,128.085,122.618,116.783,110.460,104.286,98.805,94.551,90.921,87.325,83.567
194,Medium variant,Saint Lucia,,662,10.692,10.188,9.615,8.937,8.279,7.848,7.597,7.391,7.128,6.809,6.491,6.231,6.048,5.897,5.745,5.565,5.378
195,Medium variant,Saint Vincent and the Grenadines,,670,8.324,7.722,7.194,6.762,6.424,6.123,5.802,5.474,5.150,4.873,4.625,4.397,4.169,3.938,3.721,3.524,3.349
196,Medium variant,Trinidad and Tobago,,780,89.299,80.040,74.641,73.335,73.577,72.265,68.625,64.269,61.085,59.509,58.850,57.867,56.014,53.668,51.617,50.301,49.418
197,Medium variant,United States Virgin Islands,,850,6.660,6.240,5.994,5.749,5.394,5.002,4.594,4.259,3.982,3.724,3.463,3.202,2.952,2.728,2.536,2.365,2.205
198,Medium variant,Central America,,916,16526.668,16059.750,15454.470,14861.964,14333.351,13888.357,13463.884,13047.342,12603.960,12202.295,11825.261,11493.110,11190.984,10892.303,10605.543,10322.101,10054.763
199,Medium variant,Belize,,84,42.047,43.333,43.181,42.340,41.635,41.340,41.248,40.924,40.318,39.498,38.780,38.238,37.792,37.363,36.817,36.194,35.582
200,Medium variant,Costa Rica,,188,343.850,329.061,315.564,303.676,293.613,286.439,279.369,271.967,263.923,256.970,250.803,245.507,240.721,235.638,230.433,225.351,220.699
201,Medium variant,El Salvador,,222,586.155,559.420,522.531,483.321,449.242,423.990,404.228,383.890,361.277,337.800,317.095,299.708,285.167,271.531,258.093,244.484,231.848
202,Medium variant,Guatemala,,320,2115.385,2146.998,2146.166,2122.800,2091.177,2054.556,2016.721,1976.127,1934.021,1883.918,1834.464,1784.793,1740.315,1696.409,1655.114,1613.286,1571.611
203,Medium variant,Honduras,,340,997.066,994.824,975.034,940.046,902.286,869.211,840.032,815.625,791.370,768.061,741.484,717.883,696.611,678.441,661.340,644.701,627.330
204,Medium variant,Mexico,,484,11457.910,11034.474,10527.597,10071.846,9682.068,9363.753,9058.903,8761.176,8440.825,8166.040,7913.922,7698.338,7500.346,7301.439,7109.975,6921.174,6746.517
205,Medium variant,Nicaragua,,558,591.305,557.879,530.057,505.061,484.003,464.004,444.192,425.201,406.383,390.087,375.262,361.494,349.180,337.021,325.504,314.664,304.863
206,Medium variant,Panama,,591,392.950,393.761,394.340,392.874,389.327,385.064,379.191,372.432,365.843,359.921,353.451,347.149,340.852,334.461,328.267,322.247,316.313
207,Medium variant,South America,26,931,33114.567,31937.791,30778.574,29723.463,28769.610,27912.083,27118.388,26301.421,25497.452,24756.189,24068.912,23455.865,22872.250,22298.568,21736.186,21211.234,20716.136
208,Medium variant,Argentina,,32,3749.599,3707.321,3665.887,3622.119,3575.984,3524.534,3466.651,3396.740,3325.344,3262.071,3199.659,3142.948,3082.770,3019.055,2958.702,2899.133,2843.812
209,Medium variant,Bolivia (Plurinational State of),,68,1273.028,1278.536,1273.785,1258.783,1238.474,1215.008,1191.171,1165.628,1138.368,1108.480,1078.332,1048.169,1020.210,993.108,966.335,940.567,914.971
210,Medium variant,Brazil,,76,14478.709,13736.138,13031.050,12433.852,11910.002,11462.113,11101.721,10733.983,10374.472,10045.088,9744.672,9488.690,9256.902,9025.896,8795.475,8583.572,8381.615
211,Medium variant,Chile,,152,1184.857,1160.903,1130.161,1094.355,1062.997,1040.434,1019.787,1001.610,981.686,961.267,939.832,922.896,907.054,892.363,878.055,861.513,846.317
212,Medium variant,Colombia,,170,3645.355,3455.508,3293.799,3149.353,3019.924,2905.733,2794.649,2691.937,2595.479,2508.552,2429.157,2357.370,2286.591,2221.811,2159.479,2101.855,2047.121
213,Medium variant,Ecuador,,218,1650.389,1633.381,1607.533,1579.060,1547.903,1512.866,1474.820,1434.358,1394.894,1357.024,1320.702,1287.247,1254.203,1222.188,1191.330,1162.226,1135.614
214,Medium variant,French Guiana,,254,33.655,35.771,38.646,41.468,43.726,45.205,46.209,47.195,48.422,49.724,50.648,51.062,51.104,51.098,51.047,51.083,51.068
215,Medium variant,Guyana,,328,79.085,76.256,72.321,68.049,64.080,60.669,57.397,54.020,50.551,47.300,44.287,41.548,39.062,36.708,34.448,32.353,30.464
216,Medium variant,Paraguay,,600,708.657,703.205,683.843,659.996,639.751,621.472,604.609,585.868,564.798,543.316,523.701,504.792,485.822,468.425,453.097,439.204,425.743
217,Medium variant,Peru,,604,3030.470,2934.295,2834.987,2749.563,2679.482,2614.440,2536.174,2446.106,2359.045,2282.709,2216.591,2156.268,2097.406,2037.385,1977.744,1923.927,1874.726
218,Medium variant,Suriname,,740,50.535,49.194,47.595,45.826,44.083,42.543,41.088,39.672,38.202,36.761,35.409,34.127,33.007,31.924,30.896,29.884,28.935
219,Medium variant,Uruguay,,858,240.301,235.386,228.837,220.652,212.678,206.035,200.319,194.676,188.965,183.212,177.604,172.361,167.871,163.585,159.195,155.207,151.093
220,Medium variant,Venezuela (Bolivarian Republic of),,862,2989.769,2931.741,2869.976,2800.235,2730.376,2660.884,2583.651,2509.487,2437.087,2370.547,2308.182,2248.254,2190.117,2134.894,2080.256,2030.585,1984.533
221,Medium variant,NORTHERN AMERICA,27,905,22550.363,23382.715,23718.694,23780.067,23834.451,24016.988,24411.200,24967.418,25367.858,25524.485,25570.641,25638.177,25818.690,26027.274,26187.164,26235.928,26158.877
222,Medium variant,Canada,,124,1939.709,1960.200,1966.233,1967.128,2016.061,2098.934,2175.247,2228.132,2258.128,2281.947,2311.848,2352.796,2392.147,2422.106,2436.284,2440.755,2445.033
223,Medium variant,United States of America,,840,20603.476,21415.509,21745.591,21806.316,21812.063,21912.024,22230.136,22733.593,23104.143,23237.096,23253.538,23280.323,23421.646,23600.393,23746.201,23790.593,23709.383
224,Medium variant,OCEANIA,,909,3365.085,3435.526,3481.239,3533.808,3620.401,3722.225,3804.702,3854.619,3876.282,3886.791,3900.916,3919.104,3930.319,3926.251,3903.367,3871.677,3839.186
225,Medium variant,Australia/New Zealand,,927,1882.959,1902.381,1897.892,1907.866,1966.121,2050.653,2125.100,2167.894,2186.427,2200.483,2225.185,2263.924,2300.394,2324.836,2332.406,2330.892,2330.357
226,Medium variant,Australia,28,36,1573.247,1589.888,1587.229,1601.367,1661.085,1744.387,1818.111,1860.937,1881.136,1897.540,1924.218,1964.224,2002.012,2027.997,2037.833,2038.986,2041.315
227,Medium variant,New Zealand,,554,309.712,312.493,310.663,306.499,305.036,306.266,306.989,306.957,305.291,302.943,300.967,299.700,298.382,296.839,294.573,291.906,289.042
228,Medium variant,Melanesia,,928,1361.363,1413.041,1462.999,1505.796,1536.134,1557.098,1569.500,1580.136,1585.409,1583.724,1575.734,1558.837,1537.638,1512.864,1485.459,1457.802,1428.302
229,Medium variant,Fiji,,242,85.735,81.955,79.722,77.963,75.420,72.282,68.875,65.405,62.165,59.260,56.755,54.343,51.830,49.431,47.128,45.070,43.239
230,Medium variant,New Caledonia,,540,21.574,21.789,21.941,21.947,21.858,21.876,22.049,22.241,22.331,22.268,22.162,22.078,22.025,21.985,21.899,21.762,21.590
231,Medium variant,Papua New Guinea,,598,1132.389,1184.153,1231.338,1270.914,1300.297,1322.432,1337.546,1351.247,1359.637,1360.995,1356.425,1343.770,1327.595,1308.000,1285.735,1262.772,1237.836
232,Medium variant,Solomon Islands,,90,86.262,88.479,92.073,95.725,98.205,99.287,99.247,99.162,99.033,98.974,98.262,96.857,94.881,92.719,90.555,88.707,86.808
233,Medium variant,Vanuatu,,548,35.403,36.665,37.925,39.247,40.354,41.221,41.783,42.081,42.243,42.227,42.130,41.789,41.307,40.729,40.142,39.491,38.829
234,Medium variant,Micronesia,29,954,52.889,53.143,53.583,53.402,52.465,51.135,49.595,48.375,47.532,46.692,45.614,44.234,42.769,41.359,40.075,38.954,37.932
235,Medium variant,Guam,,316,13.733,13.784,13.552,13.054,12.456,11.915,11.521,11.232,10.911,10.498,10.038,9.600,9.254,8.974,8.708,8.433,8.130
236,Medium variant,Kiribati,,296,16.234,16.366,16.178,16.148,16.820,17.799,18.264,18.170,17.797,17.520,17.585,17.862,17.995,17.719,17.164,16.643,16.339
237,Medium variant,Micronesia (Fed. States of),,583,12.648,12.993,12.895,12.157,11.119,10.388,10.146,10.089,9.823,9.203,8.394,7.714,7.327,7.132,6.919,6.558,6.078
238,Medium variant,Polynesia,30,957,67.874,66.961,66.765,66.744,65.681,63.339,60.507,58.214,56.914,55.892,54.383,52.109,49.518,47.192,45.427,44.029,42.595
239,Medium variant,French Polynesia,,258,21.445,20.650,19.781,19.150,18.540,18.017,17.499,16.948,16.382,15.878,15.432,15.030,14.627,14.235,13.826,13.456,13.103
240,Medium variant,Samoa,,882,23.774,23.509,23.953,24.728,24.946,24.123,22.726,21.570,21.140,21.037,20.692,19.777,18.530,17.343,16.531,15.980,15.466
241,Medium variant,Tonga,,776,12.732,12.963,13.583,14.044,14.024,13.464,12.754,12.354,12.368,12.422,12.197,11.644,10.976,10.440,10.145,9.966,9.717
